OG_Idx,comment_text,source
46205,You know what's kind of sad the only people that have ever mirror the image of Jesus are ironically immigrants and people that are not born in America,You Tube
19453,"Exactly.  And the <i>whole point</i> of a cellular network architecture is that it's resistant to DoS attacks (what the rubes call &quot;unexpectedly heavy usage&quot;).  Sure, you can take a cell out with a hundred fake phones, and all the users in that cell will hop to the next one.  Or at worst walk a block over to find another.  The attack doesn't scale, at all.<p>And even if you wanted to deploy custom hardware to do it, it would be <i>far</i> easier to just use a high power jammer on the band anyway than mucking around with all those SIMs.<p>These are for making actual use of the telecom facilities at scale, with the anonymity you get from burner SIMs.  It's fraud, not terrorism.",Hacker News
22907,"Except, blaming for-profit hospitals only goes so far. Only 17% of hospitals are actually for profit.<p><a href=""https://www.kff.org/health-costs/issue-brief/hospital-margins-rebounded-in-2023-but-rural-hospitals-and-those-with-high-medicaid-shares-were-struggling-more-than-others/"" rel=""nofollow"">https://www.kff.org/health-costs/issue-brief/hospital-margin...</a>",Hacker News
46014,"She already SIGNED A CONTRACT with ABC to appear as the anti-Trump MAGA bashing ""Republican"" co-host on ""THE VIEW"".  That's why she was THERE, as a trial test, and it went perfectly.  (They were mysteriously WELCOMING of her, and this is why.). Word is the contract was already signed before she made the announcement, and she starts on ""THE VIEW"" within a week of her last day in Congress.  It's a one year contract with option to renew for 2 more years (bringing her there as the anti-MAGA basher through the 2028 election cycle, depending on how well she ruins things for Republicans in 2026).",You Tube
65959,Mr trump you promised and Iran relied on your word! Please take an action asap before more people suffer and be killed! Thank you and God blesa you and America! JAVID SHAHâ¤â¤â¤â¤â¤â¤,You Tube
8155,"Why make a fuss of all this? 

Well itâ€™s because I was responding to someone in a thread that was making claims towards the â€˜objectiveâ€™ nature of science as a set of facts and logics independent from the social (or privilege as they referred to it).",Blue Sky
26045,"I think that's great, but I'm not sure how it works for all kinds of jobs. Some things take time to do! You can't just do all the things you used to do in 40 hours, in 36 hours! How can it be that there was no loss of productivity anywhere?",metafilter
69680,Tan cinica oposicion que da miedo,You Tube
66965,Dems need new leadership senate & house,You Tube
40313,You also fail ppl,You Tube
45229,ğŸ˜‚ğŸ˜‚,You Tube
59397,"This is what happens when a majority of Democrats leave CA for Texas. They will destroy this state from within, like CA.  Texas and the rest of the country need to wake up.  When all they have is an attack on the Trump Administration and no good ideas.  They are delusional and only following the mainstream talking point narrative.  Another problem for your state is that the only focus is on blaming Trump.  You can not run on that and serve the people.  Look at the mayor of New York, promises, promises, and nothing helps the people he represents.  This will be the same.  All I hear is attack, attack, and no solutions on what makes it better and following the laws of congress.",You Tube
56982,Didn't JD call him a terrorist or assassin - and now he says an investigation  should happen before placing blame. What a POS.,You Tube
6535,Yeah but when Republicans are given time they return to the fold and the existential panic sets in that a Democrat could win,Blue Sky
30776,Eruzione is quoted in the article tooâ€¦what an assholeâ€¦,reddit
8434,And get Fox not-news off the TVs in the dorms and golf course club houses.,Blue Sky
20493,No disagreement,Hacker News
27838,"left and right have lost their meanings Show me a leftist who classes this as anything other than yet more post-truth right-wing obscurantism. I bet you'll struggle to find one. No surprise at all to me to find a conservative writer making this claim, especially in the context of a complaint about obscurantism. See my remarks upthread about the conservative tendency to lack self-awareness",metafilter
50761,Why do channels Tv keep giving the platform to people like this?,You Tube
10045,So anti-1c3 Gundam! Sign me up!,Blue Sky
6048,"Unfortunately, I only live in reality and I do not see any other way for liberation.",Blue Sky
25544,"> you joke, but conservapedia had something against complex numbers at one point good god",metafilter
29201,"The politicians work for us and those phones belong to us so we should have full access to all of their call records all the time, They can use their own money and phones for personal calls.

Same with vehicles we provide them and anything else taxpayers get billed for, As they love telling us ""If you haven't done anything wrong you have nothing to fear"" ",reddit
33875,He was declared a rapist by a judge and won the subsequent election easily. The public donâ€™t care.,reddit
66515,Thank you! I rely on your podcast so so much!,You Tube
57902,"This was really cool. A good presentation with just the right amount of silly-to-smart ""factor"". Unbiased and covering things both modern and historically. Thank you for your video.",You Tube
34121,"From 2010 deposition by Maritza Vasquez, Jean-Luc Brunelâ€™s Miami-based bookkeeper for a decade until 2006: Q: So in addition to his financial guarantor on the Line of Credit of a million dollars, what other involvement are you aware of that Jeffrey Epstein had with MC2 \[modeling agency\] and/or the apartments at 301 East 66th Street where the models lived? A: They were planning on buying or associating with a girl in -- in France for a --- company. They were planning to do a company.Â ***And actually, I gave the paper to Mr Shawn Connolly which is an actual paper that came from the office from Jeffrey Epstein, that was giving instruction to Jean-Luc saying that he wanted to have the same contracts as -- uh, what's his name, of Donald Trump, and that he wanted to have the same kind of benefits for the scouters.***

[https://www.documentcloud.org/documents/25966082-maritza-vasquez-deposition-ocrmypdf/](https://www.documentcloud.org/documents/25966082-maritza-vasquez-deposition-ocrmypdf/)

Brunelâ€™s longtime American-in-Paris assistant, perhaps the girl in France referenced by Vasquez, was Wellesley grad Pamela Boulet. Boulet is/was friendly with (Trumpâ€™s former treasury secretary) Steven Mnuchinâ€™s (now ex) wife Heather. Mnuchin was part of Rat-pac entertainment with Brett Ratner and listed as the official U.S. point of contact on filing paperwork for Next Management Corporation, co-founded by Brunel in 1988.",reddit
76917,Inviting the Colombian president to the White House saves us the trouble of grabbing him with Delta Force,You Tube
55015,Insert movie quote: YOU CAN'T HANDLE THE TRUTH!!!,You Tube
62223,Anyone who votes for Newsom does not care about our country and it's survival. Look at California and know that's what our country will look like if he is elected.,You Tube
12289,"And shut down the early warning system months before the outbreak, purely out of spite that it was supported by his predecessor: <a href=""https://www.theguardian.com/world/2020/apr/03/trump-scrapped-pandemic-early-warning-program-system-before-coronavirus"" rel=""nofollow"">https://www.theguardian.com/world/2020/apr/03/trump-scrapped...</a>",Hacker News
26780,"I told them that when a Republican successor started doing the same thing, I hoped people would be honest enough to call it the Obama Doctrine It's absolutely true that this was wrong when Obama did it to Anwar al-Awlaki. It's equally true that Donald Trump administration would not have given even .01 of a fuck if Obama had refrained.  I mean, just imagine how much Tom Homan and/or Pete Hegseth would laugh if they were told, ""But you can't do this! Obama didn't!""",metafilter
50743,"Good to hear that.
 This is why it's so important that 4+4 till 2031 is not negotiable 
God bless the President 
God bless Nigeria.",You Tube
45470,Who knew ğŸ’¥,You Tube
7045,yes yes and YES!!,Blue Sky
53161,"I hope the NFL lost billions on this poor choice , shame",You Tube
43444,"FETTERMAN SHOULD BE A REPUBLICAN, HES GOT A BRAIN AND CONSCIENCE!",You Tube
31458,They also have ping pong paddles to write those words on.Â ,reddit
39392,"Came here to view Republican Hatriotism, not disappointed!!! ğŸ˜ğŸ«µğŸ¼âš–ï¸ğŸ—½ğŸ’™ğŸ‡ºğŸ‡¸",You Tube
8462,Turns out I'm not that far away from you. ğŸ™‚,Blue Sky
69013,Thereâ€™s the door!,You Tube
70482,"Hey, if we have to use a nuclear option because that's the most reasonable choice the nuclear option it is",You Tube
41818,"The phrase about the ""dog that hasn't barked"" comes from Sherlock Holmes Silver Blaze. Meaning unnoticed evidence that is actual evidence. And the 75% us probably about the commission for the meeting taking place with the victim.",You Tube
57557,He just lied again about this incident. Had nothing to do with votes. A complaint was filed lawyers are involved and congress is aware what happened.,You Tube
72251,"You all Nex, Amen!",You Tube
42155,The Washington Post has been working secretly for European globalists and government elites for many years.  Very disgusting. Very treasonous.,You Tube
17067,"This leads to inefficiency in the market. Again you don't know when you want &quot;it&quot;, when you don't know that &quot;it&quot; even exists. This gives an advantage to incumbents in the market since you already know of them.",Hacker News
1307,"Bummer. Just like farmers facing unprecedented losses, I guess Texans shouldnâ€™t have voted for Trump and his GOP enablers - AGAIN. 

Sucks to be them.",Blue Sky
52304,Are we compatible as a nation ? Thumbs up,You Tube
61311,I donâ€™t know how people have made it so many years in life and still will entertain the idea and actually think that we are going to invade Greenland.,You Tube
62389,Thank you for being the sane voice telling people should talk about the stuff they actually know about!,You Tube
69239,ğŸ˜‚ğŸ˜‚ğŸ˜‚ğŸ˜‚ that's telling,You Tube
68900,Why was this removed from the Political Theory playlist? Are there other removed videos?,You Tube
52640,This man has lose his sense of reasonings pls someone should check him well.,You Tube
67776,If security is not covered then they need to cover it themselves or not have it at all,You Tube
75036,This could be one of the biggest scandals the world has seen ever. Best believe the files being redacted expose the names of so called friends who have blackmailed the people of the US in secret. Our government is full of agents who are directing our assets to s foreign country.,You Tube
22433,We as a country are so unserious. I just can't anymore.,Hacker News
43333,He totally didnt get your dig,You Tube
50650,I absolutely agree with Pat automotive idea of internalization of our electron institutions.,You Tube
22248,"Really? Like it was filled in syria, in jugoslavia, lebanon? Libya, Sudan, Yemen? In Afghanistan it was never filled in the first place and is still not to this day! In pakistan, sri lanka the state is broke - and those giving credit, taking over only move into areas where they have interests, leaving other tribal regions to fend for themselves or sink into civil war (belotschistan). Russias borders are falling apart, with whole regions realigning - and putin soon to spark civil wars and proxxy actions there.",Hacker News
49165,Thatâ€™s rightâ€¦heâ€™s been WRONG about everything.,You Tube
2214,"God, please make the bastard stroke out. Don't kill him. Just paralyze from the voice box down. ğŸ™ğŸ¼ğŸ™ğŸ¼ğŸ™ğŸ¼ğŸ™ğŸ¼",Blue Sky
31090,"...and Cash Patel is an honest man... 

Give me a fucking break. ",reddit
48175,Doing a good job Mr. Patel.,You Tube
70607,"I call him ""Too Late Trump"" cause he's too late.",You Tube
15061,"If rich families had to take on the same financial burden as middle class and poor families, they would be paying millions in tuition.<p>Which, honestly, isn't that bad of an idea. Means-testing for everyone.",Hacker News
20108,"Article could use a good summary.<p>Title is misleading: no company has made any deal with any union. This is legislation to reduce insurance coverage in exchange for limited rights to unionize.<p>This is per-sector negotiation, affecting all rideshare companies, with qualified unions (that seem to only include SEIU) over wages, leaves, dismissals, and health insurance but not fares, that reduces uninsured insurance coverage from $1M to 300K (thus shifting the burden to drivers and passsengers).<p>Uber sought the deal after recent court rulings showed prop 22 (costing $100M's) wasn't the complete bar they'd hoped against the unions. SEIU may have gotten the deal in exchange for supporting prop 50 (redistricting to counter Texas).  Governor Newsom is eager to play middleman-advocate for both business and labor.",Hacker News
8523,"The Age Of Pisces

@aljazeera.com

A detachment and a descent. An alignment with the abstract. An Age of increasing warfare but also of increasing knowledge and science. 

#Time #Cycles #Polarity
#Patriarchy #War #Detachment 

en.wikipedia.org/wiki/Astrolo...",Blue Sky
45494,the greatest thing she done in her Career,You Tube
49874,"Thank God we have a smart moderate Dem, Fetterman. I appreciate you!",You Tube
49378,"Nigeria , Tinubu is Trump USA lap dog. Silence, hupocrite and complicit. Af4ica is quite or silent following Maduro illegal or unlawfully kidnapping. They r so fearful of Trump and scared to condenm the trampling and eroding of international law and disrespect of sovereignty. Our African leaders are cowards, puppets and lap dogs. Th3y cant hardly support and stanf with ome voice incondemning Trump and his administration. The hypocricy and complicit is shameful and disgraceful. Africa,  will never be emanciated or free from Trump , they will always beg, shiver, and hide,; instead of standing up for the rule of law , freedom, and sovereignty. Its a dusgrace.",You Tube
53995,No! At this point if your not on a side your on the other side. Silence in the face of evil is support for there actions.,You Tube
50266,I think cows are smarter than Iowans.,You Tube
29631,For real?  What a bunch of babies!,reddit
26786,Absence of evidence is not evidence of absence ,metafilter
60736,"Coming to this country without legal papers is a misdemeanor. Abusing se*ually a minor is a felony.
Also we need to start calling these masked armed goons the Republican Secret Police. Make them own it.",You Tube
42923,iâ€™ve always thought her music sucked,You Tube
74459,ğŸ˜‚ğŸ˜‚ğŸ˜‚ğŸ˜‚ğŸ˜‚ğŸ˜‚ğŸ˜‚ğŸ˜‚ğŸ˜‚ğŸ˜‚ğŸ˜‚ğŸ˜‚WARNING JUST WARNING..BIG TOK OF BULLY TRUMP THATS IT..USA AND ISRAEL WILL SEE DOOMS DAY THIS TIME,You Tube
54025,Gavin Newsom is just an overpaid car salesman!!!,You Tube
46204,"Jesus literally went into a temple and overturned the tables of the money counters.

You really think trump and ICE wouldn't arrest and attempt to deport him for that?",You Tube
25063,"This disaffection with the US amongst its allies has been further aggravated as the White House has engaged in: - Geopolitical intimidation politics to massively boost: (A) militarism generally; and (B) US-sourced military spending (link). - Continuous gaudy spectacle-politics, including Oval Office humiliation (link). Furthermore, it is clear that the operation of the NWC today is now being steered, more than ever and to an extraordinary degree by Israel and its terrible, criminal priorities.  The US is particularly complicit in this outcome. Despite this monstrous reality, almost all of the Global West, thus far, remains devoted, limpet-like, to the NWC.  They remain committed to supporting what has evolved into a homicidal, geopolitical psychosis The source article is worth reading in its entirety. (https://fridayeveryday.com/the-shameless-new-washington-consensus-is-drenched-in-blood/)",metafilter
15476,Policy wonks?,Hacker News
4442,Our tax money.,Blue Sky
58280,"""Your worst is just as bad as our best! Checkmate, liberal!""",You Tube
22223,Also there's a reasonable chance that some of them won't work correctly which will then weaken Russia's show of strength,Hacker News
59171,NATO ARE A BUNCH OF PUNKS ğŸ¤¡ğŸ¤¡ğŸ¤¡,You Tube
17595,"&gt;What stopped that,<p><a href=""https://en.wikipedia.org/wiki/Commercial_Advertisement_Loudness_Mitigation_Act"" rel=""nofollow"">https://en.wikipedia.org/wiki/Commercial_Advertisement_Loudn...</a>",Hacker News
71793,Moral of the story: donâ€™t make politics your whole personality,You Tube
64677,Thx to corona I got to school my self,You Tube
65847,Now itâ€™s 2000 killed,You Tube
24991,What does the executive version of this look like The considerable logistical challenges of complete fecal collection make me start to doubt those many stories There are a many forms of sample collection pans (https://www.amazon.ca/stool-sample-collector/s?k=stool+sample+collector) (amusingly often referred to as hats because they resemble a wide brimmed hat). Many are designed to collect everything and are even graduated to allow a quick measurement of volume,metafilter
41070,"It's not democratic or Republican problem , it's both sides because the whole country is corrupted",You Tube
36256,"&gt;**Trumpâ€™s Tie to Whistleblower Report Tulsi Hid in Safe Busted**

&gt;A new report alleges Tulsi Gabbard was informed of a call between a person associated with foreign intelligence and someone close to Donald Trump. The whistleblower complaint that Trumpâ€™s spy chief locked away in a safe implicated someone with close ties to the president of having contact with foreign intelligence. \[...\]

&gt;When National Intelligence Director Tulsi Gabbard was informed, she took a paper copy of the memo to White House Chief of Staff Susie Wiles. The day after that meeting, she instructed the NSA to send the highly classified details to her office instead of publishing them, according to the whistleblowerâ€™s attorney Andrew P. Bakaj.

&gt;Gabbard was accused of hiding the complaint made against her in a safe. Bakaj, who was briefed on the sensitive phone call, told The Guardian that the whistleblower first contacted the office of the intelligence community inspector general about the burying of the highly classified materials on April 17, 2025. The whistleblower then filed a formal complaint on May 21, 2025. That complaint did not become known to Congress until November. A leaked memo revealed that the complaint accused Gabbard of refusing to share a â€œhighly classified intelligence reportâ€ for â€œpolitical purposes.â€ \[...\]

&gt;Gabbard claimed in a nearly 600-word X post on Saturday that Johnson did not inform her that the whistleblower wanted to take the complaint to Congress. While she knew about the complaint and confirmed that it was kept in a safe, she denied that she â€œhidâ€ the information and first saw the complaint two weeks ago. \[...\]

&gt;While Gabbard said she sent guidance to the inspector general, Bakaj, the whistleblowerâ€™s attorney, sent a letter to Gabbard on Tuesday stating that his client had not received such direction. \[...\]",reddit
69931,Why did he yell Minnesota louder than the others though,You Tube
52515,"This is the issue I have with this people talking about solutions for over 10 tens. The government does not lack the capacity to go after this criminals the government only lacks the willingness to go after them. Open grazing in 2025, that is crazy na",You Tube
31692,"The keyword there is ""briefly"".  ",reddit
40302,A bit like Clinton,You Tube
72590,The judges should kick out all these law suits and order the Secretaries of State to personally pay for the legal costs. Why should the tax payers foot their legal bills?,You Tube
14208,"Strange, because my feelings is that the law of my EU country (and that if the EU as well) says everything and its opposite.",Hacker News
63530,"WELL DONE PETE AND PRESIDENT TRUMP, IT'S ABOUT TIME WE SHOW OUR DOMINIC",You Tube
