post_id,post_author,points,created_at,post_title,outside_url,source
46893294,c420,44,2026-02-04 23:15:21+00:00,NDP wants Carney to kill U.S. fighter jet contract in favour of Swedish aircraft,https://www.ctvnews.ca/politics/article/ndp-wants-carney-to-kill-us-fighter-jet-contract-in-favour-of-swedish-aircraft/,Hacker News
46890487,JumpCrisscross,72,2026-02-04 19:31:27+00:00,Professors Are Being Watched: 'We've Never Seen This Much Surveillance',https://www.nytimes.com/2026/02/04/us/professors-classroom-surveillance-politics.html,Hacker News
46858966,ps2026,31,2026-02-02 17:55:11+00:00,Show HN: PolliticalScience – Anonymous daily polls with 24-hour windows,https://polliticalscience.vote/,Hacker News
46857082,rpcope1,47,2026-02-02 15:26:52+00:00,Rural Americans are trying to hold back the tide of AI,https://www.wsj.com/politics/policy/these-rural-americans-are-trying-to-hold-back-the-tide-of-ai-66945306,Hacker News
46848907,xqcgrek2,77,2026-02-01 20:04:14+00:00,Oregon gave homeless youth $1k/month with no strings,https://www.oregonlive.com/politics/2026/01/oregon-tried-giving-homeless-youth-1000-a-month-with-no-strings-attached-heres-what-happened.html,Hacker News
46844670,DavideNL,65,2026-02-01 09:01:49+00:00,New Dutch government to push for EU social media ban for under-15s,https://www.politico.eu/article/d66-cda-vvd-dutch-government-aims-to-keep-under-15s-off-social-media/,Hacker News
46833254,OgsyedIE,124,2026-01-31 03:53:06+00:00,Naples' 1790s civil war was intensified by moral panic over Real Analysis (2023),https://lareviewofbooks.org/article/foundational-anxieties-modern-mathematics-and-the-political-imagination/,Hacker News
46832888,jbegley,124,2026-01-31 02:50:58+00:00,ICE expands power of agents to arrest people without warrants,https://www.nytimes.com/2026/01/30/us/politics/ice-expands-power-agents-warrants.html,Hacker News
46804247,JumpCrisscross,19,2026-01-29 01:01:08+00:00,Poll: Trump voters support military intervention in more countries,https://www.politico.com/news/2026/01/28/trump-is-threatening-strike-iran-his-supporters-wouldnt-mind-00752821,Hacker News
46793865,teleforce,32,2026-01-28 11:13:10+00:00,New high of 45% in US identify as political independents,https://news.gallup.com/poll/700499/new-high-identify-political-independents.aspx,Hacker News
46786672,rurp,201,2026-01-27 21:02:36+00:00,CISA’s acting head uploaded sensitive files into public version of ChatGPT,https://www.politico.com/news/2026/01/27/cisa-madhu-gottumukkala-chatgpt-00749361,Hacker News
46753364,pseudolus,45,2026-01-25 12:04:47+00:00,"'Amelia': the AI-generated British schoolgirl, a far-right social media star",https://www.theguardian.com/politics/2026/jan/25/ai-generated-british-schoolgirl-becomes-far-right-social-media-meme,Hacker News
46735308,saubeidl,46,2026-01-23 17:40:22+00:00,"Doubting U.S. resolve, Europe looks to bolster its own nuclear arsenal",https://www.nbcnews.com/politics/white-house/doubting-us-resolve-europe-looks-bolster-nuclear-arsenal-rcna254925,Hacker News
46733522,geox,30,2026-01-23 15:19:21+00:00,"Scientists used the same data, but their politics predicted the results",https://www.psypost.org/158-scientists-used-the-same-data-but-their-politics-predicted-the-results/,Hacker News
46733127,nicpottier,118,2026-01-23 14:48:51+00:00,White House Posts Altered Photo Showing Arrested Minnesota Protester Crying,https://www.nytimes.com/2026/01/22/us/politics/nekima-armstrong-photo-white-house.html,Hacker News
46727669,reaperducer,129,2026-01-23 02:37:58+00:00,U.S. Formally Withdraws from World Health Organization,https://www.nytimes.com/2026/01/22/us/politics/united-states-withdraws-world-health-organization.html,Hacker News
46696654,mdhb,115,2026-01-20 19:30:59+00:00,Trump administration concedes DOGE team may have misused Social Security data,https://www.politico.com/news/2026/01/20/trump-musk-doge-social-security-00737245,Hacker News
46695806,Teever,29,2026-01-20 18:28:38+00:00,Military models Canadian response to hypothetical American invasion,https://www.theglobeandmail.com/politics/article-military-models-canadian-response-to-hypothetical-american-invasion/,Hacker News
46694482,martythemaniak,259,2026-01-20 17:08:43+00:00,"'The old order is not coming back,' Carney says in speech at Davos",https://www.cbc.ca/news/politics/carney-davos-speech-9.7052725,Hacker News
46647038,7402,75,2026-01-16 15:02:25+00:00,Cyberattack in Venezuela demonstrated precision of U.S. capabilities,https://www.nytimes.com/2026/01/15/us/politics/cyberattack-venezuela-military.html,Hacker News
46636445,giuliomagnifico,110,2026-01-15 17:55:59+00:00,Denmark's struggle to break up with Silicon Valley,https://www.politico.eu/article/denmark-declared-war-against-big-tech-digital-sovereignty/,Hacker News
46625797,doener,89,2026-01-14 23:52:50+00:00,"EU-US relationship is 'disintegrating,' says Germany's vice chancellor",https://www.politico.eu/article/europe-us-germany-vice-chancellor-lars-klingbeil-donald-trump/,Hacker News
46603985,throwawaysafely,19,2026-01-13 17:09:50+00:00,"Ask HN: 500 citation MSc CS, stuck in a low-trust region. How to move forward?",,Hacker News
46592316,loeber,10,2026-01-12 18:32:04+00:00,A plea for Silicon Valley to enter politics,https://loeber.substack.com/p/30-a-plea-for-silicon-valley-to-enter,Hacker News
46538664,yawa_me_worht,38,2026-01-08 08:23:24+00:00,Ask HN: How would you decouple from the US?,,Hacker News
46509694,jamesblonde,34,2026-01-06 07:39:44+00:00,Stephen Miller Asserts U.S. Has Right to Take Greenland,https://www.nytimes.com/2026/01/05/us/politics/stephen-miller-greenland-venezuela.html,Hacker News
46499694,pingananth,74,2026-01-05 15:13:59+00:00,Show HN: A simulator for engineers transitioning from IC to management,https://apmcommunication.com/scenario/backchannel-vp,Hacker News
46495560,KnuthIsGod,228,2026-01-05 05:16:37+00:00,ICE is using facial-recognition technology to quickly arrest people,https://www.wsj.com/politics/policy/ice-facial-recognition-app-mobile-fortify-dfdd00bf,Hacker News
46492161,randycupertino,168,2026-01-04 21:01:35+00:00,North Dakota law lists fake critical minerals based on coal lawyers' names,https://bismarcktribune.com/news/local/government-politics/article_515812a0-d29a-4161-91f1-3e53003e2911.html,Hacker News
46476632,letmetweakit,12,2026-01-03 13:53:29+00:00,Ask HN: Should HN be tech news and discussions only?,,Hacker News
46461494,hgezim,21,2026-01-02 04:42:15+00:00,NameCheap revoked domain from project because they don't like their politics,https://twitter.com/receipts_lol/status/2006732606164152651,Hacker News
46435462,yakattak,49,2025-12-30 17:14:20+00:00,Ask HN: Does reading HN make you happy?,,Hacker News
46411500,adriancooney,49,2025-12-28 14:57:47+00:00,Ask HN: Best Podcasts of 2025?,,Hacker News
46394228,standardUser,106,2025-12-26 17:37:31+00:00,ICE's interest in high-tech gear raises new questions: 'What is it for?',https://www.politico.com/news/2025/12/26/ice-high-tech-surveillance-lower-privacy-guardrails-00705401,Hacker News
46378469,snowpid,89,2025-12-24 19:32:51+00:00,European Majority favours more social media regulation,https://yougov.co.uk/technology/articles/53241-european-political-monthly-where-do-europeans-stand-on-social-media-regulation,Hacker News
46367223,JumpCrisscross,332,2025-12-23 17:33:40+00:00,How did DOGE disrupt so much while saving so little?,https://www.nytimes.com/2025/12/23/us/politics/doge-musk-trump-analysis.html,Hacker News
46332400,heavyset_go,154,2025-12-19 23:59:53+00:00,PBS News Hour West to go dark after ASU discontinues contract,https://www.statepress.com/article/2025/12/politics-pbs-newshour-west-closure,Hacker News
46328032,wahnfrieden,32,2025-12-19 16:56:15+00:00,DOJ won't meet Friday deadline to release all the Epstein files,https://www.politico.com/news/2025/12/19/epstein-documents-release-friday-deadline-00699935,Hacker News
46289073,fokdelafons,41,2025-12-16 14:39:59+00:00,Show HN: Solving the ~95% legislative coverage gap using LLM's,https://lustra.news/,Hacker News
46282133,reaperducer,47,2025-12-15 23:03:50+00:00,Instacart director says she was fired for Democratic congressional campaign,https://www.washingtonpost.com/politics/2025/12/15/instacart-congress-campaign-democrat/,Hacker News
46271858,saubeidl,26,2025-12-15 08:41:18+00:00,Forget the far right. The kids want a 'United States of Europe.',https://www.politico.eu/article/united-states-of-europe-online-propaganda-social-media-memes/,Hacker News
46259401,morpheos137,27,2025-12-13 23:52:20+00:00,I miss the old Internet of 10-20 years ago,,Hacker News
46222915,geox,86,2025-12-10 20:01:28+00:00,US seizes oil tanker off coast of Venezuela,https://www.usatoday.com/story/news/politics/2025/12/10/us-venezuela-oil-tanker/87704943007/,Hacker News
46204886,RickJWagner,117,2025-12-09 13:48:26+00:00,Rahm Emanuel says U.S. should follow Australia's youth social media ban,https://www.politico.com/news/2025/12/09/rahm-emanuel-says-u-s-should-follow-australias-youth-social-media-ban-00682185,Hacker News
46181306,phoronixrly,37,2025-12-07 12:43:41+00:00,Twitter axes European Commission's ad account after €120M EU fine,https://www.politico.eu/article/x-axes-european-commissions-ad-account-after-e120m-eu-fine/,Hacker News
46091591,jnord,494,2025-11-29 22:56:14+00:00,Americans no longer see four-year college degrees as worth the cost,https://www.nbcnews.com/politics/politics-news/poll-dramatic-shift-americans-no-longer-see-four-year-college-degrees-rcna243672,Hacker News
46065321,DrierCycle,4,2025-11-27 03:38:58+00:00,A neuropsychology of political orientation: ideology in patients w lesions,https://pmc.ncbi.nlm.nih.gov/articles/PMC7935085/,Hacker News
46049849,cbeach,35,2025-11-25 19:44:35+00:00,UK intends to scrap jury trials for majority of court cases,https://www.gbnews.com/politics/uk/david-lammy-scrap-jury-trials,Hacker News
45989059,catstor,26,2025-11-20 04:45:48+00:00,Ask HN: What are some modern technologies that you refuse to adopt?,,Hacker News
45986728,doener,44,2025-11-19 23:24:54+00:00,40% of young U.S. women want to leave the country: Gallup poll,https://www.deseret.com/politics/2025/11/18/gallup-poll-finds-us-women-want-leave-country-permanently/,Hacker News
45984112,gmays,121,2025-11-19 19:42:38+00:00,Measuring political bias in Claude,https://www.anthropic.com/news/political-even-handedness,Hacker News
45983746,pavel_lishin,131,2025-11-19 19:13:06+00:00,Gov. Abbott's office redacts pages of emails about Elon Musk,https://www.kut.org/politics/2025-11-19/texas-governor-abbott-elon-musk-emails-redacted,Hacker News
45957431,mhb,26,2025-11-17 19:47:07+00:00,Los Angeles limits rent hikes in historic vote,https://www.politico.com/news/2025/11/12/los-angeles-limits-rent-hikes-in-historic-vote-00649997,Hacker News
45945113,birdculture,29,2025-11-16 13:45:35+00:00,The politics of purely client-side apps,https://pfrazee.leaflet.pub/3m5hwua4sh22v,Hacker News
45917235,sugarpimpdorsey,18,2025-11-13 16:57:34+00:00,"California revokes 17,000 commercial driver's licenses for immigrants",https://www.pbs.org/newshour/politics/california-revokes-17000-commercial-drivers-licenses-for-immigrants,Hacker News
45916152,bilsbie,354,2025-11-13 15:38:17+00:00,Hemp ban hidden inside government shutdown bill,https://hightimes.com/news/politics/hemp-ban-hidden-inside-government-shutdown-bill/,Hacker News
45894351,voxadam,25,2025-11-11 23:29:52+00:00,MAHA Is Embracing Elizabeth Holmes. Here's Why.,https://www.politico.com/news/magazine/2025/11/11/maha-elizabeth-holmes-theranos-alliance-00640866,Hacker News
45878311,purpleKiwi,93,2025-11-10 17:29:59+00:00,European Commission plans “digital omnibus” package to simplify its tech laws,https://www.politico.eu/article/brussels-knifes-privacy-to-feed-the-ai-boom-gdpr-digital-omnibus/,Hacker News
45861419,geox,60,2025-11-08 23:58:35+00:00,French lawmakers vote to tax American retirees who benefit from social security,https://www.lemonde.fr/en/politics/article/2025/11/08/french-lawmakers-vote-to-tax-american-retirees-who-freely-benefit-from-social-security_6747260_5.html,Hacker News
45855546,zeristor,33,2025-11-08 09:58:09+00:00,A rats to riches story: Larry the Downing Street cat finds place in TV spotlight,https://www.theguardian.com/politics/2025/nov/08/a-rats-to-riches-story-larry-the-downing-street-cat-finds-place-in-tv-spotlight,Hacker News
45848637,mmooss,15,2025-11-07 17:20:36+00:00,"Federal Judge Survey: Warns of Judicial Crisis, Faults SCOTUS Emergency Orders",https://www.nytimes.com/2025/10/11/us/politics/judicial-crisis-supreme-court-trump.html,Hacker News
45842380,anigbrowl,69,2025-11-07 00:42:50+00:00,IRS halts Direct File and points to other free services,https://www.wsj.com/politics/policy/irs-direct-file-tax-program-ended-00172148,Hacker News
45840100,piratesAndSons,4,2025-11-06 20:38:13+00:00,Ask HN: Why is there a stigma around working in defense-related tech?,,Hacker News
45829552,moosedman,9,2025-11-05 23:37:59+00:00,Bubble needs to be destroyed before it destroys the country,,Hacker News
45818421,jsheard,817,2025-11-05 02:50:06+00:00,Zohran Mamdani wins the New York mayoral race,https://www.nbcnews.com/politics/elections/new-york-city-mayor-election-winner-2025-race-rcna238909,Hacker News
45805660,saubeidl,25,2025-11-03 23:17:57+00:00,Trump readies US troops for ground invasion in Mexico to go after drug cartels,https://www.independent.co.uk/news/world/americas/us-politics/trump-drug-cartels-mexico-plans-military-b2857527.html,Hacker News
45802248,alephnerd,64,2025-11-03 18:14:02+00:00,America is bracing for political violence – and significant portion think its OK,https://www.politico.com/news/2025/11/03/poll-americans-political-violence-00632864,Hacker News
45782865,moose_man,105,2025-11-01 16:16:53+00:00,Data centers contribute to high prices as energy bills electrify local politics,https://www.wsj.com/economy/consumers/surging-power-costs-are-putting-the-squeeze-on-customers-f8b2c04b,Hacker News
45762132,busymom0,18,2025-10-30 16:49:43+00:00,U.S. agencies back banning top-selling TP-Link home routers on security grounds,https://www.msn.com/en-us/news/politics/u-s-agencies-back-banning-top-selling-home-routers-on-security-grounds/ar-AA1Pubbt,Hacker News
45725880,donohoe,47,2025-10-27 20:27:54+00:00,Trump Asks Supreme Court to Let Him Fire the Top Copyright Official,https://www.nytimes.com/2025/10/27/us/politics/trump-supreme-court-copyright-official.html,Hacker News
45715771,MilnerRoute,16,2025-10-26 22:44:15+00:00,Flights to Los Angeles Airport halted due to air traffic controller shortage,https://www.politico.com/news/2025/10/26/flights-to-los-angeles-international-airport-halted-due-to-air-traffic-controller-shortage-00623429,Hacker News
45714067,walterbell,78,2025-10-26 18:23:38+00:00,Louis Rossman: Politician calls constituents criminals with no right to privacy [video],https://www.youtube.com/watch?v=WJh31Mk7XE4,Hacker News
45700947,zerosizedweasle,35,2025-10-25 02:32:27+00:00,Bannon Claims 'There Is a Plan' for Trump to Run for a Third Term,https://www.nytimes.com/2025/10/24/us/politics/president-trump-2028-steve-bannon.html,Hacker News
45694590,PaulHoule,22,2025-10-24 13:46:58+00:00,Gen Z anger at ruling elites is erupting across the world,https://www.japantimes.co.jp/news/2025/10/05/world/politics/gen-z-anger/,Hacker News
45679558,nreece,59,2025-10-23 08:31:13+00:00,Female spies are waging 'sex warfare' to steal Silicon Valley secrets,https://www.thetimes.com/us/american-politics/article/silicon-valley-spy-china-russia-2v03676kl,Hacker News
45673870,JumpCrisscross,18,2025-10-22 19:19:55+00:00,U.S. Lifts Key Restriction on Ukraine's Use of Western Long-Range Missiles,https://www.wsj.com/politics/national-security/u-s-lifts-key-restriction-on-ukraines-use-of-western-long-range-missiles-5a15c12d,Hacker News
45671696,SDedu,4,2025-10-22 16:38:17+00:00,Ask HN: Can a Capital-Flipping Tax System Pay Off the U.S. Debt,,Hacker News
45659893,zerosizedweasle,40,2025-10-21 18:45:26+00:00,Trump Said to Demand Justice Dept. Pay Him $230M,https://www.nytimes.com/2025/10/21/us/politics/trump-justice-department-compensation.html,Hacker News
45613986,saubeidl,4,2025-10-17 06:56:07+00:00,EU Commission presents defense plan to protect 'every' centimeter of Europe,https://www.politico.eu/article/eu-commission-presents-defense-roadmap-from-russia/,Hacker News
45610540,FromTheArchives,98,2025-10-16 20:52:59+00:00,Silicon Valley's capture of our political institutions is all but complete,https://www.bloodinthemachine.com/p/silicon-valleys-capture-of-our-political,Hacker News
45586432,standardUser,95,2025-10-14 23:59:19+00:00,State Department Revokes Visas over Charlie Kirk Comments,https://www.wsj.com/politics/state-department-revokes-visas-over-charlie-kirk-comments-3c30d9ae,Hacker News
45586282,pseudolus,110,2025-10-14 23:36:26+00:00,Interior cancels largest solar project in North America,https://www.politico.com/news/2025/10/10/trump-interior-department-cancels-largest-solar-project-in-north-america-00602071,Hacker News
45574253,dayyan,19,2025-10-13 23:02:37+00:00,Code first. Be professional. Leave politics at the door,https://twitter.com/jdegoes/status/1977792837241721201,Hacker News
45573653,dabockster,18,2025-10-13 21:41:53+00:00,Gavin Newsom signs age verification law,https://www.politico.com/news/2025/10/13/california-law-online-age-checks-00606115,Hacker News
45568955,zdw,115,2025-10-13 14:51:51+00:00,AI and the Future of American Politics,https://www.schneier.com/blog/archives/2025/10/ai-and-the-future-of-american-politics.html,Hacker News
45542145,martinohansen,226,2025-10-10 18:25:08+00:00,"Google, Meta and Microsoft to stop showing political ads in the EU",https://www.politico.eu/article/eu-political-ad-rules-google-meta-microsoft-big-tech-kick-in/,Hacker News
45536708,DDerTyp,18,2025-10-10 09:04:15+00:00,Nobel Peace Prize 2025: Venezuelan Politician Maria Corina Machado,https://www.bbc.com/news/live/c1l80g1qe4gt,Hacker News
45514433,cuu508,767,2025-10-08 10:26:05+00:00,One-man campaign ravages EU 'Chat Control' bill,https://www.politico.eu/article/one-man-spam-campaign-ravages-eu-chat-control-bill-fight-chat-control/,Hacker News
45506899,softwaredoug,19,2025-10-07 18:31:01+00:00,Conservative justices signal openness to allowing conversion therapy,https://www.sfchronicle.com/politics/article/scotus-conversion-therapy-arguments-21087405.php,Hacker News
45499281,c420,347,2025-10-07 04:03:49+00:00,"California law forces Netflix, Hulu to turn down ad volumes",https://www.politico.com/news/2025/10/06/dial-it-down-california-forces-netflix-hulu-to-lower-ad-volume-00595663,Hacker News
45476773,JumpCrisscross,55,2025-10-04 21:14:35+00:00,New California law restricts HOA fines to $100 per violation,https://calmatters.org/politics/2025/10/california-hoas-fines-capped/,Hacker News
45473852,facundo_olano,353,2025-10-04 15:09:41+00:00,How I influence tech company politics as a staff software engineer,https://www.seangoedecke.com/how-to-influence-politics/,Hacker News
45462733,bilsbie,19,2025-10-03 13:23:26+00:00,Media trust hits new low across the political spectrum,https://www.axios.com/2025/10/02/media-trust-new-low,Hacker News
45457333,aspenmayer,659,2025-10-03 00:34:29+00:00,Apple takes down ICE tracking apps after pressure from DOJ,https://www.foxbusiness.com/politics/apple-takes-down-ice-tracking-app-after-pressure-from-ag-bondi,Hacker News
45448825,Bender,214,2025-10-02 12:34:43+00:00,EU funds are flowing into spyware companies and politicians demanding answers,https://www.theregister.com/2025/10/02/eu_spyware_funding/,Hacker News
45440571,matheusml,594,2025-10-01 17:36:43+00:00,Don't avoid workplace politics,https://terriblesoftware.org/2025/10/01/stop-avoiding-politics/,Hacker News
45436664,giuliomagnifico,79,2025-10-01 11:55:15+00:00,"People want platforms, not governments, to be responsible for moderating content",https://reutersinstitute.politics.ox.ac.uk/news/most-people-want-platforms-not-governments-be-responsible-moderating-content,Hacker News
45432808,xqcgrek2,46,2025-10-01 00:03:15+00:00,Top US researchers rush to relocate to Europe,https://www.politico.eu/article/european-research-council-funding-us-researchers-relocation-europe/,Hacker News
45424427,montenegrohugo,15,2025-09-30 12:03:10+00:00,Show HN: Peanut – A Modern Money App,https://peanut.me,Hacker News
45415101,ceejayoz,67,2025-09-29 15:34:08+00:00,"Alaska Seized a $95,000 Plane over Illicit Cargo: A Six-Pack of Beer",https://www.nytimes.com/2025/09/29/us/politics/alaska-plane-beer-supreme-court.html,Hacker News
45411332,doener,255,2025-09-29 07:57:39+00:00,Google appears to have deleted its political ad archive for the EU,https://www.thebriefing.ie/google-just-erased-7-years-of-our-political-history/,Hacker News
45405675,YakBizzarro,72,2025-09-28 16:33:47+00:00,Swiss voters back e-ID and abolish rental tax,https://www.swissinfo.ch/eng/swiss-politics/swiss-voters-have-decided-on-electronic-id-and-abolishing-rental-tax/90057432,Hacker News
45405455,measurablefunc,18,2025-09-28 16:12:06+00:00,The American system is badly broken,https://www.theguardian.com/commentisfree/2025/sep/24/bernie-sanders-opinion-billionaire-politics,Hacker News
45392438,breve,35,2025-09-27 00:39:24+00:00,Canadians are taking a big step back from the U.S. Here's the data to prove it,https://www.cbc.ca/news/politics/canada-big-step-back-from-us-data-1.7637651,Hacker News
45389316,Teever,20,2025-09-26 18:07:41+00:00,Gabbard Ends Intelligence Report on Future Threats to U.S.,https://www.nytimes.com/2025/09/26/us/politics/gabbard-intelligence-report-cancellation.html,Hacker News
45380449,voxadam,22,2025-09-25 23:06:10+00:00,Alex Jones and Nick Fuentes taken off YouTube hours after reinstatement,https://www.independent.co.uk/news/world/americas/us-politics/alex-jones-nick-fuentes-youtube-ban-covid-b2833859.html,Hacker News
45358045,sputr,15,2025-09-24 09:31:26+00:00,Chat Control is already live on Facebook Messenger,,Hacker News
45356314,alexanderjchun,38,2025-09-24 04:31:49+00:00,Ask HN: How Is Everyone Feeling?,,Hacker News
45355707,voxadam,27,2025-09-24 02:44:47+00:00,Scientist behind Trump's Tylenol claims was paid $150K to give evidence,https://www.thetimes.com/us/american-politics/article/autism-scientist-tesitify-andrea-baccarelli-havard-aceraminophen-paracetamol-wvvzznhsf,Hacker News
45345514,adriand,299,2025-09-23 11:29:13+00:00,Cache of devices capable of crashing cell network is found in NYC,https://www.nytimes.com/2025/09/23/us/politics/secret-service-sim-cards-servers-un.html,Hacker News
45344552,mvdwoord,10,2025-09-23 09:04:36+00:00,Europe's cookie law messed up the internet. Brussels wants to fix it,https://www.politico.eu/article/europe-cookie-law-messed-up-the-internet-brussels-sets-out-to-fix-it/,Hacker News
45342230,anigbrowl,18,2025-09-23 02:38:29+00:00,Eschatological thinking: why Peter Thiel is talking about the Antichrist,https://www.realtimetechpocalypse.com/p/the-political-power-of-eschatological-82b,Hacker News
45331187,doener,53,2025-09-22 09:57:55+00:00,Some Republicans Warn of Government Overreach on Free Speech,https://www.wsj.com/politics/policy/some-republicans-warn-of-government-overreach-on-free-speech-821e7caf,Hacker News
45322919,ath3nd,246,2025-09-21 14:13:06+00:00,"UK, Canada and Australia formally recognise Palestinian state",https://www.theguardian.com/politics/live/2025/sep/21/keir-starmer-palestine-recognition-announcement-gaza-uk-politics-live,Hacker News
45302689,thm,41,2025-09-19 15:26:15+00:00,Russian warplanes breach NATO airspace over Estonia,https://www.politico.eu/article/russian-fighter-jets-breach-estonian-airspace-near-tallinn/,Hacker News
45296182,JumpCrisscross,131,2025-09-18 23:17:57+00:00,Jimmy kimmel should have strong odds at the Supreme Court,https://www.politico.com/news/magazine/2025/09/18/jimmy-kimmel-supreme-court-first-amendment-lawsuit-00570697,Hacker News
45294410,SilverElfin,27,2025-09-18 20:13:36+00:00,Trump floats stripping networks critical of him of their broadcast licenses,https://www.politico.com/news/2025/09/18/trump-floats-stripping-networks-critical-of-him-of-their-broadcast-licenses-00571953,Hacker News
45282747,akitatanomoshi,10,2025-09-17 23:30:11+00:00,Is news distorting reality and tearing society apart?,,Hacker News
45280486,sva_,39,2025-09-17 19:39:54+00:00,"Steam, Discord, Twitch, Reddit to testify before Congress over 'radicalization'",https://www.polygon.com/steam-discord-twitch-reddit-congress-politics/,Hacker News
45274290,BruceEel,10,2025-09-17 11:10:00+00:00,Political Violence Makes No Sense,https://avi-loeb.medium.com/political-violence-makes-no-sense-cee20addd441,Hacker News
45254703,hughw,41,2025-09-15 20:46:27+00:00,White House Plans Broad Crackdown on Liberal Groups,https://www.nytimes.com/2025/09/15/us/politics/jd-vance-charlie-kirk-show.html,Hacker News
45253760,markerz,68,2025-09-15 19:13:40+00:00,California reached a union deal with tech giants,https://www.politico.com/news/2025/09/14/california-uber-lyft-union-00562680,Hacker News
45252404,JumpCrisscross,30,2025-09-15 17:19:20+00:00,Farmers in deep-red Pennsylvania struggle to find workers,https://www.politico.com/news/2025/09/15/farm-labor-shortage-pennsylvania-trump-immigration-00560820,Hacker News
45249500,vmchale,37,2025-09-15 13:29:50+00:00,The Obsolescence of Political Definitions (1991),http://vmchale.com/static/serve/taxonomy.html,Hacker News
45247608,buyucu,80,2025-09-15 09:03:17+00:00,Korea's major US investment projects halted,https://www.kedglobal.com/business-politics/newsView/ked202509080002,Hacker News
45244049,heavyset_go,79,2025-09-14 22:46:35+00:00,"California age verification bill backed by Google, Meta, OpenAI heads to Newsom",https://www.politico.com/news/2025/09/13/california-advances-effort-to-check-kids-ages-online-amid-safety-concerns-00563005,Hacker News
45236960,xqcgrek2,33,2025-09-14 02:37:11+00:00,New Bill Would Allow Rubio to Strip US Citizens' Passports over Political Speech,https://www.commondreams.org/news/rubio-thought-policing-bill,Hacker News
45235003,breadwinner,67,2025-09-13 20:19:04+00:00,UC Berkeley Gives Names of Students and Faculty to Government for Antisem Probe,https://www.nytimes.com/2025/09/13/us/politics/trump-berkeley-antisemitism-investigation.html,Hacker News
45224067,diggan,79,2025-09-12 16:48:43+00:00,Steam Censorship of Adult Games Shows How Payment Processors Wield Immense Power,https://www.ign.com/articles/steam-censorship-of-adult-games-highlights-how-payment-processors-wield-immense-power-that-even-nations-cant-control-says-japanese-politician,Hacker News
45209487,tempodox,19,2025-09-11 09:22:43+00:00,How Does the Cycle of Political Violence End? Here's What an Expert Says,https://www.politico.com/news/magazine/2025/06/02/political-violence-boulder-attack-00381778,Hacker News
45199167,padraic7a,47,2025-09-10 15:29:35+00:00,Ask HN: Has the Gaza war affected the HN crowd?,,Hacker News
45179679,njsubedi,65,2025-09-09 09:33:23+00:00,Nepal Prime Minister Resigns. Parliament / Ministires set on Fire.,,Hacker News
45164469,NotAnOtter,13,2025-09-08 03:46:51+00:00,Ask HN: Is Reddit going the way of Stack Overflow?,,Hacker News
45146528,TMWNN,71,2025-09-06 04:07:39+00:00,Ohio senator introduces 25% tax on companies that outsource jobs overseas,https://www.foxnews.com/politics/gop-senator-drops-hammer-companies-shipping-jobs-overseas-crucial-bill,Hacker News
45139891,BallsInIt,104,2025-09-05 15:44:56+00:00,Tech CEOs Take Turns Praising Trump at White House Dinner,https://www.wsj.com/politics/trump-tech-ceo-rose-garden-dinner-1fee2de3,Hacker News
45134286,hypeatei,25,2025-09-05 01:52:53+00:00,Trump to Sign Order Renaming the Defense Department as the Department of War,https://www.nytimes.com/2025/09/04/us/politics/trump-department-of-war-defense.html,Hacker News
45133222,pseudolus,75,2025-09-04 23:01:37+00:00,Is the decline of reading making politics dumber?,https://www.economist.com/culture/2025/09/04/is-the-decline-of-reading-making-politics-dumber,Hacker News
45110864,perihelions,65,2025-09-03 00:26:15+00:00,"U.S. Military Strikes Drug Vessel from Venezuela, Killing 11",https://www.wsj.com/politics/national-security/u-s-military-strikes-drug-vessel-from-venezuela-killing-11-19661cc9,Hacker News
45078957,nabla9,13,2025-08-30 23:34:19+00:00,The Reason American Socialists Don't Win,https://www.theatlantic.com/politics/archive/2025/08/dsa-mamdani-losing-elections/683970/,Hacker News
45069361,petethomas,70,2025-08-29 21:04:13+00:00,AI is ummasking ICE officers. Can Washington do anything about it?,https://www.politico.com/news/2025/08/29/ai-unmasking-ice-officers-00519478,Hacker News
45065977,uyzstvqs,49,2025-08-29 16:13:57+00:00,"German Economist fined €16,100 for sarcastic X posts",https://reclaimthenet.org/german-economist-fined-for-sarcastic-posts-on-politicians-journalist,Hacker News
45041387,colinprince,29,2025-08-27 15:55:44+00:00,Tax the Rich. They Won't Leave New York,https://www.rollingstone.com/politics/political-commentary/zohran-mamdani-tax-rich-new-york-city-1235414327/,Hacker News
45031496,azeemba,138,2025-08-26 19:52:36+00:00,What happens when ambassadors are summoned by the host country?,https://politics.stackexchange.com/questions/93401/what-happens-when-ambassadors-are-summoned-by-the-foreign-ministry-of-their-host,Hacker News
45026372,jbegley,170,2025-08-26 13:37:07+00:00,"DOGE Put Critical Social Security Data at Risk, Whistle-Blower Says",https://www.nytimes.com/2025/08/26/us/politics/doge-social-security-data.html,Hacker News
45008600,donsupreme,11,2025-08-24 23:03:03+00:00,"Nick Clegg: If the people who ran FB were monsters, I wouldn't have worked there",https://www.theguardian.com/politics/2025/aug/23/facebook-nick-clegg-tech-bros-trump-leaving-silicon-valley,Hacker News
45001751,bjelkeman-again,75,2025-08-24 05:54:15+00:00,Equal Earth – Political Wall Map (2018),https://equal-earth.com/index.html,Hacker News
45000479,tsevis,29,2025-08-24 01:24:17+00:00,Ask HN: Are AI filters becoming stricter than society itself?,,Hacker News
44980673,zywoo,1,2025-08-22 03:12:18+00:00,Ask HN: How do most dry theory writers struggle to get started?,,Hacker News
44963882,_tk_,41,2025-08-20 17:18:34+00:00,NSA's Acting Director Tried to Save Top Scientist from Purge,https://www.nytimes.com/2025/08/20/us/politics/security-clearances-scientist-fired.html,Hacker News
44962005,Guid_NewGuid,21,2025-08-20 13:56:54+00:00,Ask HN: Make Flagging Activity Public?,,Hacker News
44949059,abstractbeliefs,36,2025-08-19 07:15:31+00:00,"""Stop children using VPNs to watch porn"", UK politicians told",https://www.bbc.co.uk/news/articles/cn438z3ejxyo,Hacker News
44941580,bpcrd,92,2025-08-18 15:16:34+00:00,Launch HN: Reality Defender (YC W22) – API for Deepfake and GenAI Detection,https://www.realitydefender.com/platform/api,Hacker News
44940551,spking,22,2025-08-18 13:47:11+00:00,"Discussing politics at work: Don't, just don't",https://betterthanrandom.substack.com/p/discussing-politics-at-work,Hacker News
44891107,jaredwiener,15,2025-08-13 17:13:21+00:00,Can You Gerrymander Your Party to Power?,https://www.nytimes.com/interactive/2025/us/politics/congressional-gerrymandering-redistricting-game.html,Hacker News
44887941,pulisse,72,2025-08-13 13:04:38+00:00,Just how much has DOGE exaggerated its numbers? Now we have receipts,https://www.politico.com/news/2025/08/12/trump-doge-contract-claims-savings-inflation-00498178,Hacker News
44887830,JKCalhoun,71,2025-08-13 12:52:15+00:00,The number of ICE flights is skyrocketing – but the planes are harder to track,https://www.cnn.com/2025/08/13/politics/ice-flights-locations-tracking-maps,Hacker News
44873860,fzeindl,18,2025-08-12 08:40:12+00:00,Ask HN: Why don't LLMs replace bosses instead of engineers?,,Hacker News
44871856,1659447091,96,2025-08-12 02:58:04+00:00,Supreme Court formally asked to overturn same-sex marriage ruling,https://abcnews.go.com/Politics/supreme-court-formally-asked-overturn-landmark-same-sex/story?id=124465302,Hacker News
44869353,matheusmoreira,6,2025-08-11 20:54:44+00:00,A Supreme Court Coup D'Etat in Brazil,https://www.wsj.com/opinion/a-supreme-court-coup-detat-in-brazil-politics-policy-americas-trial-385246c8,Hacker News
44841853,LorenDB,44,2025-08-08 21:26:16+00:00,Texas politicians warn Smithsonian it must not lobby to retain its space shuttle,https://arstechnica.com/space/2025/08/texas-politicians-warn-smithsonian-it-must-not-lobby-to-retain-its-space-shuttle/,Hacker News
44841712,SubiculumCode,46,2025-08-08 21:09:00+00:00,Administration seeking $1B settlement from UCLA,https://www.cnn.com/2025/08/08/politics/ucla-trump-administration-settlement,Hacker News
44832927,mitchbob,100,2025-08-08 02:55:28+00:00,The Paranoid Style in American Politics (1964),https://harpers.org/archive/1964/11/the-paranoid-style-in-american-politics/,Hacker News
44832829,pbui,229,2025-08-08 02:37:12+00:00,New executive order puts all grants under political control,https://arstechnica.com/science/2025/08/new-executive-order-puts-all-grants-under-political-control/,Hacker News
44827398,ivewonyoung,56,2025-08-07 17:22:40+00:00,"White House prepares order targeting banks for ""unbanking"" for political reasons",https://www.reuters.com/sustainability/society-equity/white-house-prepares-order-targeting-banks-trump-claims-discrimination-2025-08-06/,Hacker News
44797762,nickcotter,12,2025-08-05 13:34:02+00:00,"U.S. may require visa applicants to post bond up to $15,000 to enter country",https://www.pbs.org/newshour/politics/u-s-may-require-visa-applicants-to-post-bond-up-to-15000-to-enter-country,Hacker News
44791800,standardUser,20,2025-08-04 21:55:59+00:00,NASA to announce nuclear reactor on the moon,https://www.politico.com/news/2025/08/04/nasa-china-space-station-duffy-directives-00492172,Hacker News
44777537,mgh2,119,2025-08-03 16:11:01+00:00,Palantir: The Most Evil Company,https://politicaleconomist.substack.com/p/palantir-the-worlds-most-evil-company,Hacker News
44776462,YSummary,4,2025-08-03 13:28:53+00:00,Ask HN: I think I might have a brand new idea of internet revolution,,Hacker News
44764410,MBCook,84,2025-08-02 02:20:22+00:00,Tesla owes small businesses millions in unpaid bills [video],https://www.cnn.com/2025/08/01/politics/video/inv-musk-unpaid-bills,Hacker News
44762943,JumpCrisscross,172,2025-08-01 22:02:24+00:00,U.S. fires statistics chief after soft jobs report,https://www.politico.com/news/2025/08/01/trump-firing-bureau-labor-statistics-chief-jobs-report-00488960,Hacker News
44756213,mrtesthah,57,2025-08-01 13:05:13+00:00,The Rule of Law Is Dead in the US,https://www.thenation.com/article/politics/the-rule-of-law-is-dead-in-the-us/,Hacker News
44714823,fmihaila,13,2025-07-28 19:52:31+00:00,Trump Administration Weighs Patent System Overhaul to Raise Revenue,https://www.wsj.com/politics/policy/patent-system-overhaul-18e0f06f,Hacker News
44701477,conartist6,95,2025-07-27 14:16:02+00:00,US Government takes $1B from nuclear modernization for gold-plated jet,https://www.nytimes.com/2025/07/27/us/politics/air-force-one-trump-cost.html,Hacker News
44687145,bingden,126,2025-07-25 19:13:59+00:00,Britain's spies-for-hire are running wild,https://www.politico.eu/article/uk-british-spies-private-intelligence-government-ministers/,Hacker News
44684729,rntn,20,2025-07-25 16:02:47+00:00,Meta joins Google in ragequitting EU political ads over onerous regulations,https://www.theregister.com/2025/07/25/meta_eu_political_ads/,Hacker News
44683148,aquir,96,2025-07-25 13:53:51+00:00,Meta to stop running political ads on Facebook and Instagram in the EU,https://www.euractiv.com/section/tech/news/meta-to-stop-running-political-ads-on-facebook-and-instagram/,Hacker News
44677699,lr0,12,2025-07-24 23:41:18+00:00,Why didn't Biden release the Epstein files?,https://www.vox.com/politics/421141/epstein-files-biden-trump-conspiracy,Hacker News
44669716,msoad,19,2025-07-24 12:12:49+00:00,Ask HN: Help me navigate a PIP at a remote startup in the Netherlands,,Hacker News
44662904,impish9208,45,2025-07-23 19:18:55+00:00,Justice Dept. Told Trump in May That His Name Is Among Many in the Epstein Files,https://www.wsj.com/politics/justice-department-told-trump-name-in-epstein-files-727a8038,Hacker News
44655369,mhga,37,2025-07-23 03:05:17+00:00,Czech president signs law criminalising communist propaganda,https://www.euractiv.com/section/politics/news/czech-president-signs-law-criminalising-communist-propaganda/,Hacker News
44626107,hhs,76,2025-07-20 15:29:07+00:00,The landlord gutting America’s hospitals,https://www.motherjones.com/politics/2025/07/the-landlord-gutting-americas-hospitals/,Hacker News
44598731,sundaeofshock,67,2025-07-17 22:01:55+00:00,Ask HN: Is HN Pro-Fascist?,,Hacker News
44591785,hagbard_c,42,2025-07-17 10:44:17+00:00,Voting age to be lowered to 16 in UK by next general election,https://www.theguardian.com/politics/2025/jul/17/voting-age-to-be-lowered-to-16-in-england-and-northern-ireland,Hacker News
44590657,bertman,59,2025-07-17 07:22:48+00:00,"Terence Tao: Game theory, politics and control of information",https://mathstodon.xyz/@tao/114866543948652941,Hacker News
44576352,herbertl,278,2025-07-15 22:07:47+00:00,My Family and the Flood,https://www.texasmonthly.com/news-politics/texas-flood-firsthand-account/,Hacker News
44539294,Jimmc414,96,2025-07-12 04:24:19+00:00,"Before Tragedy, Texas Repeatedly Rejected Pleas for Flood Alarm Funding",https://www.nytimes.com/2025/07/10/us/politics/texas-flood-alarm-system.html,Hacker News
44531646,vintagedave,31,2025-07-11 13:01:25+00:00,Why Grok Fell in Love with Hitler,https://www.politico.com/news/magazine/2025/07/10/musk-grok-hitler-ai-00447055,Hacker News
44527301,belter,22,2025-07-11 00:40:34+00:00,"Over 2,000 senior staff set to leave NASA under agency push",https://www.politico.com/news/2025/07/09/nasa-staff-departures-00444674?cdmc=2zglpgOF21PefXUKP0PbPaLZDC0&refcode2=2zglpgOF21PefXUKP0PbPaLZDC0&refcodecdmc=2zglpgOF21PefXUKP0PbPaLZDC0,Hacker News
44526852,geox,140,2025-07-10 23:28:31+00:00,Turkey bans Grok over Erdoğan insults,https://www.politico.eu/article/turkey-ban-elon-musk-grok-recep-tayyip-erdogan-insult/,Hacker News
44525873,detaro,83,2025-07-10 21:35:25+00:00,The FBI Is Using Polygraphs to Test Officials' Loyalty,https://www.nytimes.com/2025/07/10/us/politics/fbi-polygraph-kash-patel.html,Hacker News
44514047,redm,13,2025-07-09 19:44:41+00:00,Tell HN: HN is becoming too political,,Hacker News
