comment_text,source
"All the ""hoaxes"" hegshit mentioned are caught on video.",You Tube
What is there is a country where speech undermining current leadership is not restricted by law but the government can still arbitrarily enforce it  without any laws?,Hacker News
"Regarding the composition of the Minnesota legislature: the Senate is closely divided with a slight DFL (Democratic) majority, and the House is divided in an exact tie. DFL and Republicans worked out a power-sharing agreement with some difficulty at the start of the session. The session is now done, and the special session to wrap up budget work just completed, so there's no immediate balance-of-power advantage that would come from an assassination. Theoretically, Republicans will have a one-seat majority for a few weeks, but the DFL will almost certainly retain the seat in a special election, and no work is scheduled to happen in the meantime",metafilter
"Jesus said in Matthew 26:52 ""...Those who use the sword will die by the sword."" 

The violent will usually meet a violent end.",You Tube
Conservative dude looks like he's got nothing going on behind the eyes.,You Tube
"Trump's election bid, much like the last one, was a short term triumph and a long term tragedy for the GOP.",reddit
RELEASE THE FILES!,You Tube
"You know, things are not that black and white in the world. People have different problems, different points of view.<p>The fact that the system gives them only two opposing, radical polarities, doesn't mean that there isn't nuance.<p>You and I may agree or not, but there are indeed young woman who, for example, are not pro-choice. They may have varied views on the trans issue, they have different class/economics policy goals.<p>You don't get to decree what young women interest are, neither me nor anyone else than themselves.",Hacker News
I love how all of a sudden this is no longer considered a conspiracy theory.,You Tube
‡¶®‡¶ø‡¶â‡¶ú‡¶ü‡¶æ ‡¶ñ‡ßÅ‡¶¨ ‡¶∏‡ßÅ‡¶®‡ßç‡¶¶‡¶∞ ‡¶è‡¶¨‡¶Ç ‡¶Æ‡¶æ‡¶®‡ßÅ‡¶∑‡ßá‡¶∞ ‡¶¨‡¶ø‡¶∂‡ßç‡¶¨‡¶æ‡¶∏ ‡¶Ø‡ßã‡¶ó‡ßç‡¶Ø‡•§,You Tube
"""only the best people""",reddit
Incredible. The gentleman doth protest too much methinks! www.theguardian.com/commentisfre...,Blue Sky
"In the context of kids, note that those books essentially legalize rape by saying the humans telepathically connected to the dragons mating just have to also do the deed.<p>Maybe go through them yourself first to decide when is appropriate, and talk about how compilations of old thoughts can be good and bad at the same time.",Hacker News
do you take money from AIPAC,Blue Sky
"FOLLOW the Money 1 EPSTEIN Bank Acct $1 Billion (More Bank Account Millions Money Laundering)
CoverUP Abuse is NOT New For GYM Jordon VILE MAGA CONgress Hiding EPSTEIN Banking Records FILES. New LAW Requires Banking EPSTEIN FILES RELEASE.",You Tube
I know what it is on paper so I'm scratching my head how and when it started to get used this way. It seems like if you're a leftist who actually gives a shit about imperialism you get hit with it,Blue Sky
ICE is MAGA‚Äôs analogue to the SS.<p>Diehards specifically recruited for their commitment to the cause.<p>They will be the ones making jokes while digging mass graves.,Hacker News
"CPom had a tough fall season and tweaked their programs. They were 5th in the world last year! But because Zingnik are (deservedly) ascendant, they must be tanked. It‚Äôs absurd",Blue Sky
"I hope they know all the acts have a loophole. Their contract was NOT with the ""Trump Kennedy Center"" it was with the ""Kennedy Center""!",You Tube
üëç‚ù§Ô∏èüíôüá∫üá∏,You Tube
Remember Jesus destroying the market,You Tube
"That‚Äôs just depressingly bad.<p>Give gemma a random instruction to insult Erdogan, and it does a lot better.<p>‚ÄúIt‚Äôs‚Ä¶ pathetic. Honestly, the man builds vanity projects while the lira collapses. It's like watching a particularly flamboyant peacock try to convince everyone he‚Äôs a practical engineer. All feathers and no foundation.‚Äù The image flashes in my mind ‚Äì Erdogan, preening before cameras, a gilded cage of his own making.",Hacker News
"Man the gop is so pathetic that this actually impressed me for a second.
I was impressed one of them said pedos are bad. Literally the bare minimum of human decency",reddit
It's a camera that barely captures a small part of the stairs that lead up to the hallway that Epstein's cell was in. That's how far they stretched the lie.,reddit
Hope they don't confuse her boat and blow her up :/,Hacker News
American socialism stops on the border between the college campus and the proverbial Avenue Q. American marxism stops at the same spot,metafilter
This needs to be globally recipicated.,You Tube
"PhD Economist here (but not a game theorist): Game Theory is really fucking hard. In many ways the choice of what is studied by theorists and how it is framed is dominated by what we can even make tractable with our current knowledge. Very few people do full time game theory research, most of us only suffer through one or two courses on game theory and mechanism design in first or second year.",Hacker News
"What happened to the rules in this country? When was empathy finally discarded? Not at all intended as a gotcha, but American history is full of shocking, gruesome violence perpetrated by the state, corporations and their proxies",metafilter
"God bless Omoyele Sowore for always standing for masses, Sowore has been warming Nigerians before now but they didn't listen to him.",You Tube
"This isn't hard, but the efforts to expose the sellers and others are not coordinated. For example, this building in NH is owned by Cushman & Wakefield. assets.cushmanwakefield.com/-/pmedia/215...",Blue Sky
Vote republicans in the midterms.,You Tube
How many 'fealty to your boss' questions were you ever asked?,Hacker News
"To be fair though, some of the poor political choices that he‚Äôs made *have* been important. 

For example, his speech decrying immigration was a massive unforced error, espousing a demonstrably incorrect view that he likely doesn‚Äôt believe, in the apparent hope of winning votes that he‚Äôll never get.",Blue Sky
Wait didn't DUMP send an ice contingent to the winter Olympics? Isn't that a political statement?,You Tube
"It isn't clear to me that one is causal to the other. It uses for example the top NYT bestseller books sentence complexity. But that might mean that the media ecosystem is intentionally pushing simpler books, as we know the bestseller list is very often gamed by moneyed interests and industry pushes.",Hacker News
"So some views on the politics - I try not to pay attention to polling as their value has declined since the 2016 english-speaking-world dramas, but it's hard not to see the Coalition bombing badly after a lackluster campaign predicated on the government losing rather than their winning.  Through 2024 and into early 2025 they looked likely to coast into power as the cost-of-living bit across the country. But being stuck in the global-right-wing bubble does them no favours in Australia, where the compulsory and preferential voting system tends to reward those who tack towards the political centre, and a defined campaign filtered through media forces attention to detail rather than vibes. Trying to draw on Trumpian ideas backfired badly when Australians started to see the chaos of such thinking, and culturally we're a little less keen overall (not to say we don't have our own right-wingers) on engaging in culture wars and punching down on public servants, women, Indigenous Australians, and the like. Meanwhile,  a slow economic turnaround and a fair bit of success in gradual reform across several policy areas saw the Labor government have a story to tell that made them seem re-electable.  Australians are fairly aware of the world, and seemed to recognise that the cost of living crisis was not something that the Australian Government could uniquely be blamed for or solve. Broadly, the Green, teal and independent members elected in 2022 have been successful in ensuring their profile, even if they haven't been in government.  Some are the most trusted and highly visible politicians in the country, and many have shown a strong sense of the pulse of their communities and a high quality non-ideological commitment to integrity and good policy. The big question is the eventual makeup of the Parliament.  Polls don't help us because the decline of the two party system means many many seats are in play with multiple possible outcomes. My hope is for an emboldened progressive Labor government - either with a workable majority and a PM thinking about legacy;  or a minority Labor government that's pushed and agile enough to be more true to its traditional progressive values and less nervous about Australia's big-business rent-seekers.  In the case of the former - Albo started off as a traditional leftie, and I'd hope he can add to his general incrementalism delivering something really important.  In the case of the latter,  a minority Labor government has recent experience in working with a smaller cross-bench from the 2010-13 Gillard government and can own the stuff that works while blaming the cross-bench for anything that goes wrong",metafilter
Jo not present no more,You Tube
Can you replace that wig,You Tube
(Am I a terrible trans-lady for losing track of whether or not ‚Äútrans(wo)man‚Äù or ‚Äútrans (wo)man‚Äù is the one considered offensive this year),metafilter
Does Carl know that the republicans party he was part of during bush is no more?,You Tube
üõéÔ∏è üõéÔ∏è üõéÔ∏è we have a winner¬†,reddit
You don‚Äôt think removing Trump will have geopolitical implications in the tinder box that the world is right now?  A point of weakness for exploitation?  Do you think JD Vance will do a better job or head the country in a different direction?  Or do you just want the check and balance from congress?,Blue Sky
"Just swap x.com with xcancel.com, I used a Chrome extension to set up a redirect rule so it's automatic.",Hacker News
Zohran Mamdani delivers. He is The Best. Congratulations New Yorkersüëèüèªüëèüèªüëèüèª,You Tube
üòÇüòÇüòÇ from  üá®üá¶ we ‚ù§ Mr Trump,You Tube
"In all seriousness, I think the only way we avoid this constitutional crises is for the Dems to get 60%+ of the vote, which is highly unlikely.",Blue Sky
"Setting aside the fact the he lied when he said he never hung out with him again after 2005, it‚Äôs SUPER obvious he is also lying about only being on the island for an ‚Äúhour‚Äù. You‚Äôre telling me with your kids in tow, setting down on a private island for the first time, they didn‚Äôt want to explore a bit? Epstein didn‚Äôt show you around the property? No idle chit chat? I think there is literally no way he was only there for an hour.",reddit
"The Dakotas weren't <i>really</i> north/south in the Civil War context; only about 4k people lived there in 1860. It was largely empty land, and not a state until 1889.",Hacker News
"While I'm against subsidies I think there's a few reasons. 

First, building the stadium and bringing the team(s) in generates income, sales and property tax revenue from all the jobs. Not just the players but all the support staff and third party businesses in the stadium. 

Second, without a subsidy they would obviously need to raise ticket prices. This would have a negative effect on attendance and by extension tax revenue.

Third, by appearing to be a tax friendly city/municipality/state they can encourage more people to setup shop having a net benefit on revenues.

These are important because unlike the Federal Government lesser governments (city/state/county) do not have access to a printing press. 

Now as always does the projected revenue generated actually surpass the subsidy? Because if it doesn't then it's not worth it.",reddit
"I live here. I hate it, but I'm doing something about it. Minnesota is only about ten miles away for me. I'm leaving!",You Tube
"Yup, I'm sure he's fine for First Minister. Standard identikit soft-Left Labour politician.",Blue Sky
"Guess which country colonised India? Yeah, it was Britain. Guess what language the British speaks. No, it is not Mandarin, it's English. But guess why?!<p>Google for &quot;Macaulay Doctrine&quot; to understand how the colonial British brutally enforced English as the primary language in Indian schools, with evil intention to erode and destroy ancient Indian education system (Gurukul system) and learning traditions (including outlawing the learning of classical martial arts, banning the teaching of Hindu/Sanatani scriptures in Indian schools, banning classical Indian music &amp; arts in schools, etc.).<p>But thankfully, after India for Independence after centuries of oppression and enslavement/subjugation by Mughal and British, it is ironical that English is not mandatory in Indian schools, and there is stil significant population (hundreds of millions of citizens, especially in rural areas) of India who don't know English (but they know their native language as they learnt it in school as a primary language).<p>So what China has done in Tibet, Nepal and other lands it has seized, is similar to the evil colonial Macaulay Doctrine, by enforcing Mandarin as a mandatory language in schools, with the evil intent to destroy the traditional language, history, culture.<p>But Chinese government (CCP) didn't start such native culture destruction in other lands first. It did it in China first. CCP destroyed thousands of classical literature, Chinese Buddhist sacred texts and other traditional knowledge repositories, with the singular evil aim to enforce its own mutated corrupted version of Chinese Buddhism across China. That's why CCP tried to arrest &amp; assassinate the Tibetan religious leader (His Holiness The Dalai Lama; but he managed to escape to India in the nick of time when China invaded and seized Tibet, and he's been living  and teaching peacefully in India since then) and when it failed to do so, the CCP brought in its own fake Dalai Lama to confuse and mislead the subjugated Tibetan population.<p>But this is modern era and Age of Information, so all such evil tactics and corruption of history and culture are getting exposed. World knows what evils China is up to, especially in Asia and Africa.",Hacker News
This has been done for the US president for multiple decades. What odd propaganda to be in play in this very moment what kind of life have you been living that this is ho-hum old news,metafilter
üòÄ,Blue Sky
Large influx of 3%s and patriot front members showing up at a private gun range near me (https://www.reddit.com/r/PrepperIntel/comments/1iynzbu/large_influx_of_3s_and_patriot_front_members/),metafilter
"Hmmm only 30? Is that all they could find on this week‚Äôs episode of ‚ÄúWho in the World is in the Epstein Files?‚Äù Tune in next week. Same bat time, same bat channel.",reddit
"Nicki, I like you now.",You Tube
"During baseball games I've come to get annoyed when I hear the announcer stop talking and take a breath, about to change their tone of voice from conversational to formal so they can launch into one of the micro ad reads between pitches or at-bats.<p>It's the one type of ad/sponsor I can never block or mute, it's just too short/sudden. It's a 5-10 second read. Muting the tv for a whole 3-minute commercial break doesn't bother me.",Hacker News
How about you figure out why 21 democrats just voted with the Republicans? WTF? I would like you to get an answer to that and for you to let the American why? I'm thinking that you and Schumer need to be replaced! What a crock of SHI* your playing!,You Tube
"To be fair, sometimes it's [Turkey](https://www.mcclatchydc.com/news/politics-government/white-house/article151149647.html) (working with russia...)",reddit
Bye bye 1st ammendment,You Tube
Interesting how we can be ONE paycheck away from standing in a Food Line?,You Tube
Depends Donny,You Tube
"What happens when you mix racism, misogyny, greed, the poorly educated, crooked politicians, tainted money, concentration camps, white nationalism and evangelicals? 
The red part of Texas.

(Keep fighting blue dot Texans!!)",Blue Sky
They all criminal they know they can win with clean election,You Tube
Won't someone think of the billionaires! üôÑ,reddit
There are very few of the world's ills that can't be traced back to the U.S,You Tube
It would be foolish to let Google (or any other company) be YOUR archivist,Hacker News
"Like New Mexico, Oregon sits in our little corner quietly combating federal overreach. I just read your bill governor, well done. Sad it has come to this, we are operating under a siege mentality. Good luck.",You Tube
"I don't use streaming service so I was not aware that this is still a thing! Back then (20 years) ago when we had a cable television I can remember how much I hated that my wife wanted to sleep to the TV but I always got waken up by the much-much louder ads!
I would like to be a fly on the wall to hear the meeting when they discussed this law...it's a shame how someone/a company can be driven by money this much.",Hacker News
The Know Nothing Party had nothing to do with anti-intellectualism per se.  It was a secret anti-immigration party whose members were required to say they ‚Äúknew nothing‚Äù of the group if asked.,Hacker News
"""key internet reform""

Yeah, like a fucking actor would understand the law or the technology. Fuck everyone involved",reddit
"It feels a bit like he's cramming the reality of global collapse into his preconceived narrative of financial inequality. There's no question that the two are related, but I don't think they're synonymous. It's easy to imagine an egalitarian society in which everyone equally overconsumes and trashes the planet. Conversely, in theory anyway, there could be a society in which people's resources are wildly unequal but there is a consensus that the context of wild nature must be preserved. In the world we currently live in, many millions of people materially benefit from the system that they condemn. We live in the physical comfort, luxury even, that is provided by fossil fuels, mining, global trade, etc., while condemning those very things and desiring a world that we've never lived in. I agree that the rich and powerful are the most destructive and the most to blame for our current predicament, that seems to me to be beyond argument. But the belief that we could escape the coming disaster solely by equalizing the gap between rich and poor is naive. We live in a world of eight billion + human beings, the vast majority of whom exist only because of fossil fuels (nitrogen fertilizer) and the medicalization that has allowed so many to survive. None of this is sustainable. The problem goes far deeper than financial inequality",metafilter
"Tinubu is old and above 80year and he is not fully healthy if the truth can be told and that is why he travels always like Buhari for treatment,i know one day the full truth will come out like that of Buhari,let tinubu and Atiku step down bcos they are of age and are not feet to lead or rule a country like nigeria with over 200m people not mostly bcos of the age but interner health issue, people can be old but they are healthy",You Tube
You cannot wait? Is it not my data I'm using,You Tube
"Please find perspectives on each of those from 1992 (the OP mentions a handful of culture wars issues that I won‚Äôt reproduce).<p>You misinterpret my statement when you select hot-button issues of today that were not in the public discourse at that time- and almost none of the things you mention were in ANY public platform at that time.<p>My point is that the core political planks from then (healthcare for example, jobs for coal workers) are maintained in one political tradition and not another.",Hacker News
Uh.. yep!  We are throwing you out! Thank you!üôè üòÇ,You Tube
You know better than I do what‚Äôs in your heart and your reading list. But there are some giveaway tells in how you talk about race/ethnicity.,Blue Sky
There is a reason this comes at the same time as Epstein files coming out. First aim for the administration is to stay regardless of how,You Tube
üòÇüòÇüòÇ,You Tube
üòÆüòÆ,You Tube
Doing unethical things for a profit motive doesn't magically make them ethical.,Hacker News
"Go Zohran, may the power be with you! The world needs leaders like you!!",You Tube
This man in the way he talks and way he sounds this is not human he's demented I'll put pathological liar and he's so vile and evil üò°ü§¨ what is wrong with him going on and on about things in the past this is behavior cognitive mental decline,You Tube
"MAGA is for nazi


Cold blooded killers",reddit
Not only snap taken away.  I have housing voucher on ssdi for brain injury work related.  Is it true if Govt. Not open by Dec.     Risk of no voucher for housing?????,You Tube
"Yes, because the manager is not paid anymore to do code and code review but to preserve political capital, manage team and other stakeholders as well. 
Glad that it provided a perspective and see your manager with more empathy.",Hacker News
If society and parents ban you from something and they do it themselves then the ban has virtually no effect.,Hacker News
,Blue Sky
Thank goodness we‚Äôre finally going to have a chance to discuss these issues on MetaFilter,metafilter
Lol trickster mode Dirk is soo cute HDD,You Tube
So the party that loves big government doesn‚Äôt want to fund it.,You Tube
Paid to you by,You Tube
"other survivors? that i hadn't known all the shapes exploitation can take, that these things being done to me were wrong (even as much as i tried to resist the notion and blame myself), that there was a slant around the age gap and gender dynamics in the relationship even though it was homosexual?",Blue Sky
Do you think they‚Äôve incinerated that chair yet or is it historic now that a President left a cinnamon stain? Lol,You Tube
"Tanks to obi our Social media president,pls keep leading protests till 2031,no Vacancy in Assororck.JAGABAN for 2027.d suport in d streets will not help u,Go back to ur 2023 vision pastor 2 give u vision 2027.go back to beg ur pastor, so dey can start mobilizn 4 u. now",You Tube
"The real truth is status, money, and image determine who gets defended and who doesn`t, its been thus in England since the 80`s.",Blue Sky
"""This country is f&cked""üòÇüòÇüòÇ me anytime i see today's headline about my country üòÇ",You Tube
"If it was Billy Joe Ramirez fronting the band maybe it would be outraged. 

But these are the same idiots who are mad that Ivy League educated tom morello and his band literally called rage against the machine ‚Äúgot political‚Äù

Nazi punks get fucked",reddit
